Year,Trading_Cashflow,Electricity_sold_earnings,Electricity_purchased_cost,RCS_OpEx_Cashflow,RPS_OpEx_Cashflow,RSS_Cashflow,Grid_Toll_Cashflow,EBITDA,Energy_In,Energy_Out,rps_startups,rcs_startups,avr_elec_price_purchase,avr_elec_price_sell,aoh_rps (Est),aoh_rcs (Est),EBITDA_nominal,rcs_maintenance,Debt_payment,Interest_payment,Debt_remaining,Amortization,EBT,Taxes,Cumulative_Loss,BAI,Cashflow
2024,83439781.52255914,85774073.394242,-2334291.8716828716,-73473982.80902037,-275395.4631614194,-1059.8501445000002,0.0,9689343.40023283,47550.16107265683,-743005.594896,188,262,49.091145414125194,115.44202894763932,622.9957776744186,2057.047604916944,9892819.611637717,0,23013315.19298086,19990122.319909044,282549983.1256288,13598722.666604793,-23696025.37487612,0.0,23696025.37487612,-23696025.37487612,-13120495.581343142
2025,83439781.52255914,85774073.394242,-2334291.8716828716,-73473982.80902037,-275395.4631614194,-1059.8501445000002,0.0,9689343.40023283,47550.16107265683,-743005.594896,188,262,49.091145414125194,115.44202894763932,622.9957776744186,2057.047604916944,10100568.823482107,0,23013315.19298086,19778498.818794016,279315166.75144196,13598722.666604793,-23276652.661916703,0.0,46972678.03679282,-23276652.661916703,-12912746.369498752
2026,83439781.52255914,85774073.394242,-2334291.8716828716,-73473982.80902037,-275395.4631614194,-1059.8501445000002,0.0,9689343.40023283,47550.16107265683,-743005.594896,188,262,49.091145414125194,115.44202894763932,622.9957776744186,2057.047604916944,10312680.768775232,0,23013315.19298086,19552061.672600936,275853913.23106205,13598722.666604793,-22838103.570430495,0.0,69810781.60722332,-22838103.570430495,-12700634.424205627
2027,83439781.52255914,85774073.394242,-2334291.8716828716,-73473982.80902037,-275395.4631614194,-1059.8501445000002,0.0,9689343.40023283,47550.16107265683,-743005.594896,188,262,49.091145414125194,115.44202894763932,622.9957776744186,2057.047604916944,10529247.064919513,0,23013315.19298086,19309773.926174346,272150371.9642556,13598722.666604793,-22379249.52785963,0.0,92190031.13508295,-22379249.52785963,-12484068.128061347
2028,83439781.52255914,85774073.394242,-2334291.8716828716,-73473982.80902037,-275395.4631614194,-1059.8501445000002,0.0,9689343.40023283,47550.16107265683,-743005.594896,188,262,49.091145414125194,115.44202894763932,622.9957776744186,2057.047604916944,10750361.25328282,0,23013315.19298086,19050526.03749789,268187582.8087726,13598722.666604793,-21898887.45081986,0.0,114088918.58590281,-21898887.45081986,-12262953.939698039
2029,83439781.52255914,85774073.394242,-2334291.8716828716,-73473982.80902037,-275395.4631614194,-1059.8501445000002,0.0,9689343.40023283,47550.16107265683,-743005.594896,188,262,49.091145414125194,115.44202894763932,622.9957776744186,2057.047604916944,10976118.839601759,0,23013315.19298086,18773130.79661408,263947398.41240582,13598722.666604793,-21395734.623617113,0.0,135484653.20951992,-21395734.623617113,-12037196.3533791
2030,83439781.52255914,85774073.394242,-2334291.8716828716,-73473982.80902037,-275395.4631614194,-1059.8501445000002,0.0,9689343.40023283,47550.16107265683,-743005.594896,188,262,49.091145414125194,115.44202894763932,622.9957776744186,2057.047604916944,11206617.335233394,0,23013315.19298086,18476317.888868406,259410401.10829335,13598722.666604793,-20868423.220239803,0.0,156353076.42975974,-20868423.220239803,-11806697.857747465
2031,83439781.52255914,85774073.394242,-2334291.8716828716,-73473982.80902037,-275395.4631614194,-1059.8501445000002,0.0,9689343.40023283,47550.16107265683,-743005.594896,188,262,49.091145414125194,115.44202894763932,622.9957776744186,2057.047604916944,11441956.299273293,0,23013315.19298086,18158728.077580534,254555813.99289304,13598722.666604793,-20315494.44491203,0.0,176668570.87467176,-20315494.44491203,-11571358.893707566
2032,83439781.52255914,85774073.394242,-2334291.8716828716,-73473982.80902037,-275395.4631614194,-1059.8501445000002,0.0,9689343.40023283,47550.16107265683,-743005.594896,188,262,49.091145414125194,115.44202894763932,622.9957776744186,2057.047604916944,11682237.381558033,0,23013315.19298086,17818906.979502514,249361405.77941468,13598722.666604793,-19735392.264549274,0.0,196403963.13922104,-19735392.264549274,-11331077.811422827
2033,83439781.52255914,85774073.394242,-2334291.8716828716,-73473982.80902037,-275395.4631614194,-1059.8501445000002,0.0,9689343.40023283,47550.16107265683,-743005.594896,188,262,49.091145414125194,115.44202894763932,622.9957776744186,2057.047604916944,11927564.36657075,0,23013315.19298086,17455298.404559027,243803388.99099284,13598722.666604793,-19126456.70459307,0.0,215530419.8438141,-19126456.70459307,-11085750.82641011
2034,83439781.52255914,85774073.394242,-2334291.8716828716,-73473982.80902037,-275395.4631614194,-1059.8501445000002,0.0,9689343.40023283,47550.16107265683,-743005.594896,188,262,49.091145414125194,115.44202894763932,622.9957776744186,2057.047604916944,12178043.218268733,0,23013315.19298086,17066237.2293695,237856311.02738148,13598722.666604793,-18486916.677705556,0.0,234017336.52151966,-18486916.677705556,-10835271.974712126
2035,83439781.52255914,85774073.394242,-2334291.8716828716,-73473982.80902037,-275395.4631614194,-1059.8501445000002,0.0,9689343.40023283,47550.16107265683,-743005.594896,188,262,49.091145414125194,115.44202894763932,622.9957776744186,2057.047604916944,12433782.125852378,0,23013315.19298086,16649941.771916704,231492937.6063173,13598722.666604793,-17814882.31266912,0.0,251832218.8341888,-17814882.31266912,-10579533.067128481
2036,83439781.52255914,85774073.394242,-2334291.8716828716,-73473982.80902037,-275395.4631614194,-1059.8501445000002,0.0,9689343.40023283,47550.16107265683,-743005.594896,188,262,49.091145414125194,115.44202894763932,622.9957776744186,2057.047604916944,12694891.550495276,0,23013315.19298086,16204505.632442212,224684128.04577866,13598722.666604793,-17108336.748551726,0.0,268940555.58274055,-17108336.748551726,-10318423.642485583
2037,83439781.52255914,85774073.394242,-2334291.8716828716,-73473982.80902037,-275395.4631614194,-1059.8501445000002,0.0,9689343.40023283,47550.16107265683,-743005.594896,188,262,49.091145414125194,115.44202894763932,622.9957776744186,2057.047604916944,12961484.273055675,0,23013315.19298086,15727888.963204505,217398701.8160023,13598722.666604793,-16365127.356753623,0.0,285305682.9394942,-16365127.356753623,-10051830.919925185
2038,83439781.52255914,85774073.394242,-2334291.8716828716,-73473982.80902037,-275395.4631614194,-1059.8501445000002,0.0,9689343.40023283,47550.16107265683,-743005.594896,188,262,49.091145414125194,115.44202894763932,622.9957776744186,2057.047604916944,13233675.442789843,0,23013315.19298086,15217909.127120161,209603295.75014162,13598722.666604793,-15582956.35093511,0.0,300888639.2904293,-15582956.35093511,-9779639.750191016
2039,83439781.52255914,85774073.394242,-2334291.8716828716,-73473982.80902037,-275395.4631614194,-1059.8501445000002,0.0,9689343.40023283,47550.16107265683,-743005.594896,188,262,49.091145414125194,115.44202894763932,622.9957776744186,2057.047604916944,13511582.62708843,0,23013315.19298086,14672230.702509914,201262211.25967067,13598722.666604793,-14759370.742026277,0.0,315648010.03245556,-14759370.742026277,-9501732.56589243
2040,83439781.52255914,85774073.394242,-2334291.8716828716,-73473982.80902037,-275395.4631614194,-1059.8501445000002,0.0,9689343.40023283,47550.16107265683,-743005.594896,188,262,49.091145414125194,115.44202894763932,622.9957776744186,2057.047604916944,13795325.862257285,0,23013315.19298086,14088354.788176946,192337250.85486677,13598722.666604793,-13891751.592524454,0.0,329539761.62498003,-13891751.592524454,-9217989.330723574
2041,83439781.52255914,85774073.394242,-2334291.8716828716,-73473982.80902037,-275395.4631614194,-1059.8501445000002,0.0,9689343.40023283,47550.16107265683,-743005.594896,188,262,49.091145414125194,115.44202894763932,622.9957776744186,2057.047604916944,14085027.705364687,0,23013315.19298086,13463607.559840674,182787543.2217266,13598722.666604793,-12977302.521080779,0.0,342517064.1460608,-12977302.521080779,-8928287.487616172
2042,83439781.52255914,85774073.394242,-2334291.8716828716,-73473982.80902037,-275395.4631614194,-1059.8501445000002,0.0,9689343.40023283,47550.16107265683,-743005.594896,188,262,49.091145414125194,115.44202894763932,622.9957776744186,2057.047604916944,14380813.287177343,0,23013315.19298086,12795128.025520861,172569356.0542666,13598722.666604793,-12013037.40494831,0.0,354530101.5510091,-12013037.40494831,-8632501.905803517
2043,83439781.52255914,85774073.394242,-2334291.8716828716,-73473982.80902037,-275395.4631614194,-1059.8501445000002,0.0,9689343.40023283,47550.16107265683,-743005.594896,188,262,49.091145414125194,115.44202894763932,622.9957776744186,2057.047604916944,14682810.366208065,0,23013315.19298086,12079854.923798662,161635895.7850844,13598722.666604793,-10995767.22419539,0.0,365525868.7752045,-10995767.22419539,-8330504.826772794
2044,83439781.52255914,85774073.394242,-2334291.8716828716,-73473982.80902037,-275395.4631614194,-1059.8501445000002,0.0,9689343.40023283,47550.16107265683,-743005.594896,188,262,49.091145414125194,115.44202894763932,622.9957776744186,2057.047604916944,14991149.383898433,0,23013315.19298086,11314512.704955908,149937093.29705945,13598722.666604793,-9922085.987662267,0.0,375447954.76286674,-9922085.987662267,-8022165.809082426
2045,83439781.52255914,85774073.394242,-2334291.8716828716,-73473982.80902037,-275395.4631614194,-1059.8501445000002,0.0,9689343.40023283,47550.16107265683,-743005.594896,188,262,49.091145414125194,115.44202894763932,622.9957776744186,2057.047604916944,15305963.5209603,0,23013315.19298086,10495596.530794162,137419374.63487273,13598722.666604793,-8788355.676438656,0.0,384236310.43930537,-8788355.676438656,-7707351.67202056
2046,83439781.52255914,85774073.394242,-2334291.8716828716,-73473982.80902037,-275395.4631614194,-1059.8501445000002,0.0,9689343.40023283,47550.16107265683,-743005.594896,188,262,49.091145414125194,115.44202894763932,622.9957776744186,2057.047604916944,15627388.754900465,0,23013315.19298086,9619356.224441092,124025415.66633296,13598722.666604793,-7590690.13614542,0.0,391827000.5754508,-7590690.13614542,-7385926.438080395
2047,83439781.52255914,85774073.394242,-2334291.8716828716,-73473982.80902037,-275395.4631614194,-1059.8501445000002,0.0,9689343.40023283,47550.16107265683,-743005.594896,188,262,49.091145414125194,115.44202894763932,622.9957776744186,2057.047604916944,15955563.918753373,0,23013315.19298086,8681779.096643306,109693879.5699954,13598722.666604793,-6324937.8444947265,0.0,398151938.4199455,-6324937.8444947265,-7057751.274227487
2048,83439781.52255914,85774073.394242,-2334291.8716828716,-73473982.80902037,-275395.4631614194,-1059.8501445000002,0.0,9689343.40023283,47550.16107265683,-743005.594896,188,262,49.091145414125194,115.44202894763932,622.9957776744186,2057.047604916944,16290630.761047194,0,23013315.19298086,7678571.569899678,94359135.94691423,13598722.666604793,-4986663.475457277,0.0,403138601.8954027,-4986663.475457277,-6722684.431933666
2049,83439781.52255914,85774073.394242,-2334291.8716828716,-73473982.80902037,-275395.4631614194,-1059.8501445000002,0.0,9689343.40023283,47550.16107265683,-743005.594896,188,262,49.091145414125194,115.44202894763932,622.9957776744186,2057.047604916944,16632734.007029181,0,23013315.19298086,6605139.516283996,77950960.27021736,13598722.666604793,-3571128.1758596078,0.0,406709730.07126236,-3571128.1758596078,-6380581.185951678
2050,83439781.52255914,85774073.394242,-2334291.8716828716,-73473982.80902037,-275395.4631614194,-1059.8501445000002,0.0,9689343.40023283,47550.16107265683,-743005.594896,188,262,49.091145414125194,115.44202894763932,622.9957776744186,2057.047604916944,16982021.421176795,0,23013315.19298086,5456567.218915215,60394212.29615171,13598722.666604793,-2073268.4643432125,0.0,408782998.53560555,-2073268.4643432125,-6031293.7718040645
2051,83439781.52255914,85774073.394242,-2334291.8716828716,-73473982.80902037,-275395.4631614194,-1059.8501445000002,0.0,9689343.40023283,47550.16107265683,-743005.594896,188,262,49.091145414125194,115.44202894763932,622.9957776744186,2057.047604916944,17338643.871021505,0,23013315.19298086,4227594.86073062,41608491.963901475,13598722.666604793,-487673.65631390736,0.0,409270672.19191945,-487673.65631390736,-5674671.321959354
2052,83439781.52255914,85774073.394242,-2334291.8716828716,-73473982.80902037,-275395.4631614194,-1059.8501445000002,0.0,9689343.40023283,47550.16107265683,-743005.594896,188,262,49.091145414125194,115.44202894763932,622.9957776744186,2057.047604916944,17702755.392312955,0,23013315.19298086,2912594.4374731034,21507771.20839372,13598722.666604793,1191438.288235059,0.0,408079233.9036844,1191438.288235059,-5310559.800667904
2053,83439781.52255914,85774073.394242,-2334291.8716828716,-73473982.80902037,-275395.4631614194,-1059.8501445000002,0.0,9689343.40023283,47550.16107265683,-743005.594896,188,262,49.091145414125194,115.44202894763932,622.9957776744186,2057.047604916944,18074513.255551524,0,23013315.19298086,1505543.9845875604,4.209578037261963e-07,13598722.666604793,2970246.6043591714,0.0,405108987.2993252,2970246.6043591714,-4938801.937429335
